{
  "full": {
    "n_runs": 30,
    "n_A": 14,
    "n_B": 16,
    "P_A": 0.4666666666666667,
    "P_B": 0.5333333333333333,
    "binomial_pvalue": 0.707667644135654,
    "significant": false,
    "mean_return_time_A": 100.0,
    "mean_return_time_B": 100.0,
    "mean_geodesic_overlap_A": 0.0,
    "mean_geodesic_overlap_B": 0.0,
    "mean_phi_pre": 1.0,
    "mean_phi_post": 0.999999983866438,
    "mean_free_energy_peak": 1.1823911039770343
  },
  "no_kernel": {
    "n_runs": 30,
    "n_A": 14,
    "n_B": 16,
    "P_A": 0.4666666666666667,
    "P_B": 0.5333333333333333,
    "binomial_pvalue": 0.707667644135654,
    "significant": false,
    "mean_return_time_A": 100.0,
    "mean_return_time_B": 100.0,
    "mean_geodesic_overlap_A": 0.0,
    "mean_geodesic_overlap_B": 0.0,
    "mean_phi_pre": 1.0,
    "mean_phi_post": 0.9999999997546561,
    "mean_free_energy_peak": 1.1823911054292537
  },
  "random_kernel": {
    "n_runs": 30,
    "n_A": 14,
    "n_B": 16,
    "P_A": 0.4666666666666667,
    "P_B": 0.5333333333333333,
    "binomial_pvalue": 0.707667644135654,
    "significant": false,
    "mean_return_time_A": 100.0,
    "mean_return_time_B": 100.0,
    "mean_geodesic_overlap_A": 0.0,
    "mean_geodesic_overlap_B": 0.0,
    "mean_phi_pre": 0.9999999999999799,
    "mean_phi_post": 0.9999999754768761,
    "mean_free_energy_peak": 1.182391100741182
  },
  "no_history": {
    "n_runs": 30,
    "n_A": 14,
    "n_B": 16,
    "P_A": 0.4666666666666667,
    "P_B": 0.5333333333333333,
    "binomial_pvalue": 0.707667644135654,
    "significant": false,
    "mean_return_time_A": 100.0,
    "mean_return_time_B": 100.0,
    "mean_geodesic_overlap_A": 0.0,
    "mean_geodesic_overlap_B": 0.0,
    "mean_phi_pre": 0.5,
    "mean_phi_post": 0.9999999746963149,
    "mean_free_energy_peak": 1.1823911048801343
  },
  "split_history": {
    "n_runs": 30,
    "n_A": 14,
    "n_B": 16,
    "P_A": 0.4666666666666667,
    "P_B": 0.5333333333333333,
    "binomial_pvalue": 0.707667644135654,
    "significant": false,
    "mean_return_time_A": 100.0,
    "mean_return_time_B": 100.0,
    "mean_geodesic_overlap_A": 0.0,
    "mean_geodesic_overlap_B": 0.0,
    "mean_phi_pre": 0.9999993363450339,
    "mean_phi_post": 0.9999952435687489,
    "mean_free_energy_peak": 1.1823437309236355
  }
}