{
  "full": {
    "n_runs": 30,
    "n_A": 14,
    "n_B": 16,
    "P_A": 0.4666666666666667,
    "P_B": 0.5333333333333333,
    "binomial_pvalue": 0.707667644135654,
    "significant": 